time,case_id,letter_id,email,outcome,rule,amount,due_date,ai_unsure,human_decision,calendar_file,email_file,status
2026-10-09T00:12:44.316Z,1-normal-runmv07nw11,f0884592eff7307e,maria.test@example.com,action,R7,$45.50,2026-10-30,false,approve,calendar/reminder-f0884592eff7307e-20261030.ics,outbox/1791504764298-f0884592eff7307e.eml,sent
2026-10-09T00:12:46.523Z,2-missing-data-runmv07nw11,,maria.test@example.com,,,,,,,,,error-bad-input
2026-10-09T00:12:48.837Z,3-wrong-data-runmv07nw11,,maria.example.com,,,,,,,,,error-bad-input
2026-10-09T00:12:51.081Z,4-duplicate-runmv07nw11,f0884592eff7307e,maria.test@example.com,,,,,,,,,duplicate-skipped
2026-10-09T00:13:11.773Z,5-ai-unsure-runmv07nw11,0e9d0042cddcf771,harold.test@example.com,action,R8,,,true,approve,,outbox/1791504791752-0e9d0042cddcf771.eml,sent
2026-10-09T00:13:14.046Z,6-tool-down-runmv07nw11,0c26bfb0d6491564,grace.test@example.com,,,,,,,,outbox/1791504794027-0c26bfb0d6491564.eml,error-ai-down
2026-10-09T00:13:34.803Z,7-human-rejects-runmv07nw11,d9350c6aad6523b9,walter.test@example.com,scam,R1,$1850.00,,false,reject,,,rejected-not-sent
2026-10-09T00:16:48.449Z,form-1791504865228,d9350c6aad6523b9,walter.test@example.com,scam,R1,$1850.00,,false,reject,,,rejected-not-sent
2026-10-09T00:16:48.528Z,form-1791504948282,d9350c6aad6523b9,walter.test@example.com,scam,R1,$1850.00,,false,reject,,,rejected-not-sent
2026-10-09T00:17:38.310Z,form-1791505022446,d9350c6aad6523b9,walter.test@example.com,scam,R1,$1850.00,,false,reject,,,rejected-not-sent
2026-10-09T00:17:41.330Z,video-ai-unsure-mv07uw64,0e9d0042cddcf771,harold.test@example.com,,,,,,,,,duplicate-skipped
2026-10-09T00:19:17.030Z,video-ai-unsure-mv07wxwe,0e9d0042cddcf771,harold.test@example.com,,,,,,,,,duplicate-skipped
2026-10-09T00:20:10.358Z,form-1791505167506,d9350c6aad6523b9,walter.test@example.com,scam,R1,$1850.00,,false,reject,,,rejected-not-sent
